2.425550671311849649e-01,4.362596427629310547e-01,0.000000000000000000e+00
2.573376447252797017e-01,3.804452246290503936e-01,1.074292007491983725e-02
2.635689152216570408e-01,3.293857250572720385e-01,2.666396526656283905e-02
2.627065737313632465e-01,2.819251165423986571e-01,4.719113016794601601e-02
2.559160485957762687e-01,2.372351995846930794e-01,7.225260616803441671e-02
2.441412724663864497e-01,1.948467569875587668e-01,1.020839488942605899e-01
2.281723234561782720e-01,1.546590173764635368e-01,1.370925460298348941e-01
2.087075018158547901e-01,1.169439422920053318e-01,1.777527567737732794e-01
1.864097414538815611e-01,8.234734273729021892e-02,2.245123760222888509e-01
1.619575235332348928e-01,5.188065757389592747e-02,2.776976765190403151e-01
1.360896547827882830e-01,2.689218677279736625e-02,3.374102115129846702e-01
1.096419233529857817e-01,9.003867003280818793e-03,4.034145858504016857e-01
8.357207851699760548e-02,0.000000000000000000e+00,4.750232547716196629e-01
5.896820824190585064e-02,1.659135763701358179e-03,5.509921967109133734e-01
3.703497802691013696e-02,1.553080034138909493e-02,6.294493217433009269e-01
1.905294922880096387e-02,4.267469482200536568e-02,7.078837792448090527e-01
6.308917464295626942e-03,8.339858454909676588e-02,7.832258572247567940e-01
0.000000000000000000e+00,1.370466223857637056e-01,8.520401789138263293e-01
1.120490191758083398e-03,2.018951397207955356e-01,9.108365567910170491e-01
1.034682173734480237e-02,2.752022676295764470e-01,9.564733286770255027e-01
2.794032275390478937e-02,3.534300851178560632e-01,9.865928847448559580e-01
5.368784781940805217e-02,4.326187037886092268e-01,1.000000000000000000e+00
8.689575161619056409e-02,5.088514017743761553e-01,9.968855049750457997e-01
1.264434085734920110e-01,5.787212798861348650e-01,9.788221609010712143e-01
1.708905192132106898e-01,6.397036985479936932e-01,9.485159264960592029e-01
2.186208800903941540e-01,6.903599442754746462e-01,9.093669123654979369e-01
2.679975875712115041e-01,7.303420988095790101e-01,8.649512156335941171e-01
3.175033395966276872e-01,7.602226837466254938e-01,8.185513353389246571e-01
3.658451158461641373e-01,7.812152441328730212e-01,7.728322099701110393e-01
4.120129843570808914e-01,7.948677327046874685e-01,7.296998004303510976e-01
4.552941695926444043e-01,8.027970317963063485e-01,6.903200002367453347e-01
4.952520720812845778e-01,8.065018928723328706e-01,6.552410464423154002e-01
5.316836806569134044e-01,8.072597405958221728e-01,6.245578809980036894e-01
5.645681661702074416e-01,8.060917404709233569e-01,5.980721912876431068e-01
5.940161890374410225e-01,8.037728048803903791e-01,5.754231859083854816e-01
6.202255438405879229e-01,8.008650028762955841e-01,5.561817466333032201e-01
6.434454736555967891e-01,7.977588663733392593e-01,5.399111394455149426e-01
6.639497871784352245e-01,7.947134046707803323e-01,5.262017792379533043e-01
6.820177350281023676e-01,7.918905105400561029e-01,5.146880025351621146e-01
6.979211584682452063e-01,7.893824894802732306e-01,5.050534647478609473e-01
7.119164120872590873e-01,7.872330632424153762e-01,4.970299920704546182e-01
7.242397555653166119e-01,7.854528665643296659e-01,4.903931021871895668e-01
7.351051702897853923e-01,7.840306044303029243e-01,4.849561764465752933e-01
7.447038082546147963e-01,7.829409366909991785e-01,4.805644196172988991e-01
7.532044948966287734e-01,7.821499676387763111e-01,4.770891980879118366e-01
7.607548777692938469e-01,7.816190207008884006e-01,4.744230166252214609e-01
7.674829384360739581e-01,7.813072069024318278e-01,4.724752108397057837e-01
7.734986786215896082e-01,7.811731558402053022e-01,4.711683358102373154e-01
7.788958572436659455e-01,7.811761747823253721e-01,4.704351773687021065e-01
7.837537005686674441e-01,7.812770219025340079e-01,4.702163133270155226e-01
7.881385393588711263e-01,7.814384247172719844e-01,4.704581360302242388e-01
7.921053479269447584e-01,7.816254335879453397e-01,4.711112710766408584e-01
7.956991742615220353e-01,7.818056716928787342e-01,4.721293220938732604e-01
7.989564585219837145e-01,7.819495218666507874e-01,4.734678996083196978e-01
8.019062436566510854e-01,7.820302764082089908e-01,4.750838850085211673e-01
8.045712838894675256e-01,7.820242646702540990e-01,4.769349030174795390e-01
8.069690582422918146e-01,7.819109662849987874e-01,4.789789719188686234e-01
8.091126974828891649e-01,7.816731116422104275e-01,4.811743119894221765e-01
8.110118308125130460e-01,7.812967676445377041e-01,4.834792925897843929e-01
8.126733588345014248e-01,7.807714045432520011e-01,4.858524994086502735e-01
8.141021577526152964e-01,7.800899373009967386e-01,4.882529080464802496e-01
8.153017182120348982e-01,7.792487348383710932e-01,4.906401462155232096e-01
8.162747217408756750e-01,7.782475907456015696e-01,4.929748252690715482e-01
8.170235555316875953e-01,7.770896494894209416e-01,4.952189269855911125e-01
8.175507665299309723e-01,7.757812835816351171e-01,4.973362237142868736e-01
8.178594545165792651e-01,7.743319196670505056e-01,4.992927152013840741e-01
8.179536039004378090e-01,7.727538128574659160e-01,5.010570609855958812e-01
8.178383537082418719e-01,7.710617713989444955e-01,5.026009911607837166e-01
8.175202055734469564e-01,7.692728365874184071e-01,5.038996780431886924e-01
8.170071705200582235e-01,7.674059239922781384e-01,5.049320551901477216e-01
8.163088555938162738e-01,7.654814352345338246e-01,5.056810689140333048e-01
8.154364924453678665e-01,7.635208501272063852e-01,5.061338557755095113e-01
8.144029116196324081e-01,7.615463104219775126e-01,5.062818377157479732e-01
8.132224664762156552e-01,7.595802064958923072e-01,5.061207379552362662e-01
8.119109125143875172e-01,7.576447784241309158e-01,5.056505134890002529e-01
8.104852479330217907e-01,7.557617413362822667e-01,5.048752133005077747e-01
8.089635230761189622e-01,7.539519445495792560e-01,5.038027682888868153e-01
8.073646252484510955e-01,7.522350713691450252e-01,5.024447254199939650e-01
8.057080474620601507e-01,7.506293849191680856e-01,5.008159349629670576e-01
8.040136477687975791e-01,7.491515229899463613e-01,4.989342038440706117e-01
8.023014068864045001e-01,7.478163426863095875e-01,4.968199291921894245e-01
8.005911901476199244e-01,7.466368141143553405e-01,4.944957222407820874e-01
7.989025200008865735e-01,7.456239595155891298e-01,4.919860348361982938e-01
7.972543634710064220e-01,7.447868341229066935e-01,4.893167958501694059e-01
7.956649383908335205e-01,7.441325426338758486e-01,4.865150674006526454e-01
7.941515411058968077e-01,7.436662853538797968e-01,4.836087245299336423e-01
7.927303973584115537e-01,7.433914271639587845e-01,4.806261635527108167e-01
7.914165367488515956e-01,7.433095827375011400e-01,4.775960395954357285e-01
7.902236905191144523e-01,7.434207114972675168e-01,4.745470359332703003e-01
7.891642116334046664e-01,7.437232163653098027e-01,4.715076604332091303e-01
7.882490153934952337e-01,7.442140413907312180e-01,4.685060709278220381e-01
7.874875382846484584e-01,7.448887634748959652e-01,4.655699222217998257e-01
7.868877126347146866e-01,7.457416751418147749e-01,4.627262347313068069e-01
7.864559542991933494e-01,7.467658557503028538e-01,4.600012771976879078e-01
7.861971604712787443e-01,7.479532294422274186e-01,4.574204598266236044e-01
7.861147152562897311e-01,7.492946096697438163e-01,4.550082347250993253e-01
7.862105001948270777e-01,7.507797301893044395e-01,4.527879963383747430e-01
7.864849076584690124e-01,7.523972640036881154e-01,4.507819808444074594e-01
7.869368553831050939e-01,7.541348320475047551e-01,4.490111553834658098e-01
7.875638006609790853e-01,7.559790040849219128e-01,4.474950997292910237e-01
7.883617529969185744e-01,7.579152954105189410e-01,4.462518720614505607e-01
7.893252854847224720e-01,7.599281630115073405e-01,4.452978601420644056e-01
7.904475441926791524e-01,7.620010053657415572e-01,4.446476119022710893e-01
7.917202567527390489e-01,7.641161709027911586e-01,4.443136516937015168e-01
7.931337411772145796e-01,7.662549799309125165e-01,4.443062723007867865e-01
7.946769164672597974e-01,7.683977652816168513e-01,4.446333157457081908e-01
7.963373174306151991e-01,7.705239369459809806e-01,4.452999358488131110e-01
7.981011161829778544e-01,7.726120756850816118e-01,4.463083519273997046e-01
7.999531531770968096e-01,7.746400604847202276e-01,4.476575975424145204e-01
8.018769816844445453e-01,7.765852338044350045e-01,4.493432741972364086e-01
8.038549282607129198e-01,7.784246079199446111e-01,4.513573136374571249e-01
8.058681738025684771e-01,7.801351141320342908e-01,4.536877669961894011e-01
8.078968576700318316e-01,7.816938956722808696e-01,4.563186241731763682e-01
8.099202088277760447e-01,7.830786424428345383e-01,4.592296856017779039e-01
8.119167060815331016e-01,7.842679641788959932e-01,4.623964926591033198e-01
8.138642697417697303e-01,7.852417961986669637e-01,4.657903352244615602e-01
8.157404852834500009e-01,7.859818289430537952e-01,4.693783470722125983e-01
8.175228595138244181e-01,7.864719504650764526e-01,4.731237026521035727e-01
8.191891066885550465e-01,7.866986884479709730e-01,4.769859230761749336e-01
8.207174623577845329e-01,7.866516361091004939e-01,4.809212965249614058e-01
8.220870197943332958e-01,7.863238454266210375e-01,4.848834162006231407e-01
8.232780824057184255e-01,7.857121693977221488e-01,4.888238267047365637e-01
8.242725244509365723e-01,7.848175364511860153e-01,4.926927772769321701e-01
8.250541504774022705e-01,7.836451401594470845e-01,4.964400563520271481e-01
8.256090426704756347e-01,7.822045305149374350e-01,5.000158920581190269e-01
8.259258852226889491e-01,7.805095958857835026e-01,5.033718907675654997e-01
8.259962539481116028e-01,7.785784297707452062e-01,5.064619806000516533e-01
8.258148599076726715e-01,7.764330804008421349e-01,5.092433286014009797e-01
8.253797371195406019e-01,7.740991882598224905e-01,5.116771990186026464e-01
8.246923655094240413e-01,7.716055207251699688e-01,5.137297180064428481e-01
8.237577225024843575e-01,7.689834191583315715e-01,5.153725179202055529e-01
8.225842595026575665e-01,7.662661777228421123e-01,5.165832395616434258e-01
8.211838020079773592e-01,7.634883772039056105e-01,5.173458723092272393e-01
8.195713750968038891e-01,7.606851980904945076e-01,5.176509287444042151e-01
8.177649596602967197e-01,7.578917390662506248e-01,5.174954503855943022e-01
8.157851863207297161e-01,7.551423646540558199e-01,5.168828539128285104e-01
8.136549774734829210e-01,7.524701046145373384e-01,5.158226329999288096e-01
8.113991489144204428e-01,7.499061230979240378e-01,5.143299355625807756e-01
8.090439841639399665e-01,7.474792719802101360e-01,5.124250437891020304e-01
8.066167945989798360e-01,7.452157368671383786e-01,5.101327806718000124e-01
8.041454788455613123e-01,7.431387802321961500e-01,5.074818756184451551e-01
8.016580935477174430e-01,7.412685805215767365e-01,5.045043092128475015e-01
7.991824468323129871e-01,7.396221619070784126e-01,5.012346699646998971e-01
7.967457233433381525e-01,7.382134059116628455e-01,4.977095342560416968e-01
7.943741484394135632e-01,7.370531333045581279e-01,4.939668929416052290e-01
7.920926961619427775e-01,7.361492430917697671e-01,4.900456334646732248e-01
7.899248441593007541e-01,7.355068938792834743e-01,4.859850853075344812e-01
7.878923760221154815e-01,7.351287141655065138e-01,4.818246321648086417e-01
7.860152300910875356e-01,7.350150271319912942e-01,4.776033908396402072e-01
7.843113918363719961e-01,7.351640781273394154e-01,4.733599537351259601e-01
7.827968258267858914e-01,7.355722539369081714e-01,4.691321894676173665e-01
7.814854422263489697e-01,7.362342846815077557e-01,4.649570935221740697e-01
7.803890924712569843e-01,7.371434215223686692e-01,4.608706816523553407e-01
7.795175875005413424e-01,7.382915849880090642e-01,4.569079161201738959e-01
7.788787333641595811e-01,7.396694806462980054e-01,4.531026564358527908e-01
7.784783776670943789e-01,7.412666805058094610e-01,4.494876246932097974e-01
7.783204617585270935e-01,7.430716702586807054e-01,4.460943776815833317e-01
7.784070737173596211e-01,7.450718635993512917e-01,4.429532745669431115e-01
7.787384977826145027e-01,7.472535860654847539e-01,4.400934362326418547e-01
7.793132569580026869e-01,7.496020324857310957e-01,4.375426855937235571e-01
7.801281456905952982e-01,7.521012020516553154e-01,4.353274647146102572e-01
7.811782513437530717e-01,7.547338170285995407e-01,4.334727196078989042e-01
7.824569630138258347e-01,7.574812314568944993e-01,4.320017501079059796e-01
7.839559680034731137e-01,7.603233365988120163e-01,4.309360198668731323e-01
7.856652366057469417e-01,7.632384717269912189e-01,4.302949212611090202e-01
7.875729971329223922e-01,7.662033485134206456e-01,4.300954946857948880e-01
7.896657038635284120e-01,7.691929987593109086e-01,4.303521006746364730e-01
7.919280015764622593e-01,7.721807550715310553e-01,4.310760484932701919e-01
7.943426911943012314e-01,7.751382752134409193e-01,4.322751783394238601e-01
7.968907018542736864e-01,7.780356204539742304e-01,4.339534125273691867e-01
7.995510758345462099e-01,7.808413979695103535e-01,4.361102764385740294e-01
8.023009729056918005e-01,7.835229770164235941e-01,4.387404077437259131e-01
8.051157018148402678e-01,7.860467868416340931e-01,4.418330684917530782e-01
8.079687861265159032e-01,7.883787023908130909e-01,4.453716801348321930e-01
8.108320726396034406e-01,7.904845208665138845e-01,4.493334083349117547e-01
8.136758891209500133e-01,7.923305286649214851e-01,4.536888220515532533e-01
8.164692581814352312e-01,7.938841531702036658e-01,4.584016610544359160e-01
8.191801724992076039e-01,7.951146892172651359e-01,4.634287394879591515e-01
8.217759343479460465e-01,7.959940833007623784e-01,4.687200196312901745e-01
8.242235607099912542e-01,7.964977534238613099e-01,4.742188811355643185e-01
8.264902517559513662e-01,7.966054157472732822e-01,4.798626120624990277e-01
8.285439171163515581e-01,7.963018846880293156e-01,4.855831318892296355e-01
8.303537511570702190e-01,7.955778087185910730e-01,4.913079553410021338e-01
8.318908436637783010e-01,7.944303025907624161e-01,4.969613840199083032e-01
8.331288099231183297e-01,7.928634367313105447e-01,5.024659078457688333e-01
8.340444193818346008e-01,7.908885479226754889e-01,5.077437706978252807e-01
8.346182012687211049e-01,7.885243415315801307e-01,5.127186582948136673e-01
8.348350022935392412e-01,7.857967644358385684e-01,5.173174342927358005e-01
8.346844726178184182e-01,7.827386390885781031e-01,5.214718578774603097e-01
8.341614567759444432e-01,7.793890622434486160e-01,5.251202067463806022e-01
8.332662693818924105e-01,7.757925855547290750e-01,5.282087270276312196e-01
8.320048392964869421e-01,7.719982083505980697e-01,5.306928462809933356e-01
8.303887120448848469e-01,7.680582245258437135e-01,5.325380951075208147e-01
8.284349053364631343e-01,7.640269743428899085e-01,5.337206969692752656e-01
8.261656215266450776e-01,7.599595572939337185e-01,5.342278113629073122e-01
8.236078250410149293e-01,7.559105634786936756e-01,5.340574316502630925e-01
8.207927018547435116e-01,7.519328780346534735e-01,5.332179599607315135e-01
8.177550211350881337e-01,7.480766070521500666e-01,5.317275006064886567e-01
8.145324248144825141e-01,7.443881635989886281e-01,5.296129212708819978e-01
8.111646723122216684e-01,7.409095411903580120e-01,5.269087484321868242e-01
8.076928686466228191e-01,7.376777894940915736e-01,5.236559559265189234e-01
8.041587035538398931e-01,7.347246944931455914e-01,5.199007159791325661e-01
8.006037257028315590e-01,7.320766546891108728e-01,5.156931622249847358e-01
7.970686743895225579e-01,7.297547348087021213e-01,5.110862220585301596e-01
7.935928842389278204e-01,7.277748717422252156e-01,5.061345488071825605e-01
7.902137761402866500e-01,7.261482030666021048e-01,5.008935863079704287e-01
7.869664402171669959e-01,7.248814856776979454e-01,4.954187778766495631e-01
7.838833138757207442e-01,7.239775729993029874e-01,4.897649259245440145e-01
7.809939523429633157e-01,7.234359200440813042e-01,4.839857017018416308e-01
7.783248863481758706e-01,7.232530900679834396e-01,4.781332918748981697e-01
7.758995579032023082e-01,7.234232391405870377e-01,4.722581715121010326e-01
7.737383243410664857e-01,7.239385607890492791e-01,4.664089815848526666e-01
7.718585179851205069e-01,7.247896762847176877e-01,4.606324971699531368e-01
7.702745493613134542e-01,7.259659610340549740e-01,4.549736636780326027e-01
7.689980416102003558e-01,7.274558014406439233e-01,4.494756828635001478e-01
7.680379837837536527e-01,7.292467790288996721e-01,4.441801329778343188e-01
7.674008923047314079e-01,7.313257827721019178e-01,4.391271066461364114e-01
7.670909705205015694e-01,7.336790512182131963e-01,4.343553490043204901e-01
7.671102574492982829e-01,7.362921490592158058e-01,4.299023882778522099e-01
7.674587589784014341e-01,7.391498828121472187e-01,4.258046426425936559e-01
7.681345550012596002e-01,7.422361625916569228e-01,4.220974947667587296e-01
7.691338783980536942e-01,7.455338167070340027e-01,4.188153230872576627e-01
7.704511627596400958e-01,7.490243673876753050e-01,4.159914801768915815e-01
7.720790566364750251e-01,7.526877760531817119e-01,4.136582109045843225e-01
7.740084044547251851e-01,7.565021686314811200e-01,4.118464970962028016e-01
7.762281941280078090e-01,7.604435511590627028e-01,4.105858255683334512e-01
7.787254742372942129e-01,7.644855286130260996e-01,4.099038662425672497e-01
7.814852435377548368e-01,7.685990405979467033e-01,4.098260579945676163e-01
7.844903183100889743e-01,7.727521299344177752e-01,4.103750920731087382e-01
7.877211833867413526e-01,7.769097615202791296e-01,4.115702949135391364e-01
7.911558353852925496e-01,7.810337114613903342e-01,4.134269061754890506e-01
7.947696273354577512e-01,7.850825471196581917e-01,4.159552590420014795e-01
7.985351263889289841e-01,7.890117207459143023e-01,4.191598758118957324e-01
8.024219977517904612e-01,7.927737988266015945e-01,4.230384905139921159e-01
8.063969291168689990e-01,7.963188489365813361e-01,4.275810337290889551e-01
8.104236117504917125e-01,7.995950026136701139e-01,4.327686106353955120e-01
8.144627947294089676e-01,8.025492087756342929e-01,4.385725215376692354e-01
8.184724295062295596e-01,8.051281854449753306e-01,4.449533840444711563e-01
8.224079200477232288e-01,8.072795648664544688e-01,4.518604215313227757e-01
8.262224938756743686e-01,8.089532231523064443e-01,4.592309939955344644e-01
8.298677036517718708e-01,8.101027595111361945e-01,4.669904471478413255e-01
8.332940667865127438e-01,8.106870858971809701e-01,4.750523532402585181e-01
8.364518419913601344e-01,8.106720658100986521e-01,4.833192119168400191e-01
8.392919362896154034e-01,8.100321261629608305e-01,4.916836520072276340e-01
8.417669251938983965e-01,8.087517576077238868e-01,5.000301650180595248e-01
8.438321612497108326e-01,8.068268070370069323e-01,5.082373502532536724e-01
8.454469354507576639e-01,8.042654702452078919e-01,5.161806293400982293e-01
8.465756483526372111e-01,8.010888958740292054e-01,5.237353371140248681e-01
8.471889404590673411e-01,7.973313288242920294e-01,5.307800608896857675e-01
8.472647278712521768e-01,7.930397477090751490e-01,5.372000670451612114e-01
8.467890884230835358e-01,7.882729770246152956e-01,5.428906332558596226e-01
8.457569467387100470e-01,7.831002956517358893e-01,5.477601008051313780e-01
8.441725141858522630e-01,7.775995941599177508e-01,5.517324634837086350e-01
8.420494517572196802e-01,7.718551709335441657e-01,5.547493489461468030e-01
8.394107369099039762e-01,7.659552819844260840e-01,5.567712807113366358e-01
8.362882335664024724e-01,7.599895783914094594e-01,5.577781689404808230e-01
8.327219802940992732e-01,7.540465703575734979e-01,5.577690260829928359e-01
8.287592281473590283e-01,7.482112526113310347e-01,5.567609689004624496e-01
8.244532740190675391e-01,7.425630078109932697e-01,5.547876064317183165e-01
8.198621447908607252e-01,7.371738803288596653e-01,5.518969525574497492e-01
8.150471944539964264e-01,7.321072803605214174e-01,5.481490224131110311e-01
8.100716772829296142e-01,7.274171457624833970e-01,5.436132708562833038e-01
8.049993572426821231e-01,7.231475562766281895e-01,5.383660304127650953e-01
7.998932080091307739e-01,7.193327670827458498e-01,5.324880732854962995e-01
7.948142467756036389e-01,7.159976063342862185e-01,5.260624055903432295e-01
7.898205354061262895e-01,7.131581672830743512e-01,5.191723639298814197e-01
7.849663689008739009e-01,7.108227180353803298e-01,5.119000520974297253e-01
7.803016606162329616e-01,7.089927513308859064e-01,5.043251332888699645e-01
7.758715217082245985e-01,7.076641018082432399e-01,4.965239653117123897e-01
7.717160243614559212e-01,7.068280669737551092e-01,4.885690485576111852e-01
7.678701307435851220e-01,7.064724789297556207e-01,4.805287510311666566e-01
7.643637647903216426e-01,7.065826866220974445e-01,4.724672614354075151e-01
7.612220014231779741e-01,7.071424194306358268e-01,4.644447249632550623e-01
7.584653462094971266e-01,7.081345144623796273e-01,4.565175148804500038e-01
7.561100791852999325e-01,7.095414985700474464e-01,4.487386036715104165e-01
7.541686380973131598e-01,7.113460237269939590e-01,4.411579912650195334e-01
7.526500185104902929e-01,7.135311598880479389e-01,4.338231676628918621e-01
7.515601709576731349e-01,7.160805529893830013e-01,4.267795813036360242e-01
7.509023785218660318e-01,7.189784583663876294e-01,4.200710962182619967e-01
7.506776006875255369e-01,7.222096605642422951e-01,4.137404199949307193e-01
7.508847728239408381e-01,7.257592910321037927e-01,4.078294955151740009e-01
7.515210525693291066e-01,7.296125543838414274e-01,4.023798387384167619e-01
7.525820068870745505e-01,7.337543741102601214e-01,3.974328186252639172e-01
7.540617354426419894e-01,7.381689668547346539e-01,3.930298661677372740e-01
7.559529278268026786e-01,7.428393549028151632e-01,3.892126041861067032e-01
7.582468531462400740e-01,7.477468259752844126e-01,3.860228825147780096e-01
7.609332822943877250e-01,7.528703501547739929e-01,3.835027078911530385e-01
7.640003441254596961e-01,7.581859652348494905e-01,3.816940505635652015e-01
7.674343179775982016e-01,7.636661438003597979e-01,3.806385096343893881e-01
7.712193668681632808e-01,7.692791588040952533e-01,3.803768183725226848e-01
7.753372168787147078e-01,7.749884681976916267e-01,3.809481673411559965e-01
7.797667907500352991e-01,7.807521447855078067e-01,3.823893268356663988e-01
7.844838057837433265e-01,7.865223830136676142e-01,3.847335506477329581e-01
7.894603493608615130e-01,7.922451210496321838e-01,3.880092447355939500e-01
7.946644491703686031e-01,7.978598231284008691e-01,3.922384028855349092e-01
8.000596588243121809e-01,8.032994722809275734e-01,3.974348104071540044e-01
8.056046838590948944e-01,8.084908289018045702e-01,4.036020416653873788e-01
8.112530780143905051e-01,8.133550115558882965e-01,4.107313022733549701e-01
8.169530434353511339e-01,8.178084528999556291e-01,4.187991787593544624e-01
8.226473720273341783e-01,8.217642772440723054e-01,4.277654088241138464e-01
8.282735672970045204e-01,8.251341314648592551e-01,4.375707980755931814e-01
8.337641858430221431e-01,8.278304726371351618e-01,4.481354560431389800e-01
8.390474347869918414e-01,8.297692944294017270e-01,4.593575370439708649e-01
8.440480548654827331e-01,8.308732244848198167e-01,4.711126954535093114e-01
8.486885076981878218e-01,8.310748882025349449e-01,4.832544581545153983e-01
8.528904711286369178e-01,8.303203849592502017e-01,4.956156919189330656e-01
8.565766243499189914e-01,8.285726770268955210e-01,5.080112957799021167e-01
8.596726846760810448e-01,8.258146638371444137e-01,5.202421658297321505e-01
8.621096315688501210e-01,8.220516895560576742e-01,5.321003779708683989e-01
8.638260231543815060e-01,8.173132420315493141e-01,5.433754163393185177e-01
8.647702985195218073e-01,8.116536337189637074e-01,5.538611450625405830e-01
8.649029358123720979e-01,8.051515070337549318e-01,5.633631261422128444e-01
8.641983310525545026e-01,7.979081012904112313e-01,5.717057898169108920e-01
8.626462705200658165e-01,7.900443130071453934e-01,5.787389535949047925e-01
8.602528821056163455e-01,7.816966857165777993e-01,5.843431981365542205e-01
8.570409845657032122e-01,7.730125714217035426e-01,5.884337064256306427e-01
8.530497871860005521e-01,7.641447753204658744e-01,5.909622941253651618e-01
8.483339435503929327e-01,7.552460458969342261e-01,5.919175359870098019e-01
8.429619978678408732e-01,7.464637779083300728e-01,5.913230625922270001e-01
8.370143190489921503e-01,7.379352655886449730e-01,5.892342575710812769e-01
8.305806374056037278e-01,7.297837791572651112e-01,5.857337108034170736e-01
8.237573315813955244e-01,7.221156508659687390e-01,5.809258599990884120e-01
8.166446173046842949e-01,7.150184588981469691e-01,5.749312613928683202e-01
8.093437869934676510e-01,7.085603016466728299e-01,5.678809146516883288e-01
8.019546335157680117e-01,7.027900715878244720e-01,5.599109915073615662e-01
7.945731663799965316e-01,6.977385761153059862e-01,5.511582248414538254e-01
7.872896981698243035e-01,6.934203128169135200e-01,5.417561252901099689e-01
7.801873473832479089e-01,6.898356934349221259e-01,5.318320889640703042e-01
7.733409728917671755e-01,6.869735153970084607e-01,5.215053822095218061e-01
7.668165280460295108e-01,6.848135024272300475e-01,5.108859343411896736e-01
7.606708012942120511e-01,6.833287664712737186e-01,5.000738200188314941e-01
7.549514949350588644e-01,6.824880795954401114e-01,4.891593064223901388e-01
7.496975836447083985e-01,6.822578805401072755e-01,4.782233242216190616e-01
7.449398916576749352e-01,6.826039724103803996e-01,4.673382416656158833e-01
7.407018271694925104e-01,6.834928958610426708e-01,4.565688281548775374e-01
7.370002173919427690e-01,6.848929824664271582e-01,4.459733207646575659e-01
7.338461937781463051e-01,6.867751076661050558e-01,4.356045254329381500e-01
7.312460837321960172e-01,6.891131720360806900e-01,4.255108983400512912e-01
7.292022745035235953e-01,6.918843434280812499e-01,4.157375837620527204e-01
7.277140212800898844e-01,6.950690936416855648e-01,4.063273807704126384e-01
7.267781789744615084e-01,6.986510610272778088e-01,3.973216343472043555e-01
7.263898436244939916e-01,7.026167673655422385e-01,3.887610459637079741e-01
7.265428935964893808e-01,7.069552113993307074e-01,3.806864085745117476e-01
7.272304253292491971e-01,7.116573582068105308e-01,3.731392634207530978e-01
7.284450806896024533e-01,7.167155366923001480e-01,3.661624867222189605e-01
7.301792652283844998e-01,7.221227541496171298e-01,3.598008049551258969e-01
7.324252577350418569e-01,7.278719322743538722e-01,3.541012337634928953e-01
7.351752122284994639e-01,7.339550662634330980e-01,3.491134378977412966e-01
7.384210528393476691e-01,7.403623063735325083e-01,3.448899934147192647e-01
7.421542631476006902e-01,7.470809608386670408e-01,3.414865396286099752e-01
7.463655699475866268e-01,7.540944201244814682e-01,3.389617871906540625e-01
7.510445225491665378e-01,7.613810052348799484e-01,3.373773520638860823e-01
7.561789681272191865e-01,7.689127477465511618e-01,3.367973703028209753e-01
7.617544247974099569e-01,7.766541173040490964e-01,3.372878425533955005e-01
7.677533562862135508e-01,7.845607224523950540e-01,3.389156465023807074e-01
7.741543545375281221e-01,7.925780247560327840e-01,3.417471534203989636e-01
7.809312408643597214e-01,8.006401232771004350e-01,3.458463807724915240e-01
7.880521032505364287e-01,8.086686858095482044e-01,3.512726126095530033e-01
7.954782942901248433e-01,8.165721272573702727e-01,3.580774340495747055e-01
8.031634251735514374e-01,8.242451550707746710e-01,3.663011501361662647e-01
8.110524029039939409e-01,8.315688274413050030e-01,3.759685859467246649e-01
8.190805709535692314e-01,8.384112827046505956e-01,3.870843333699361954e-01
8.271730283012641571e-01,8.446293029558378240e-01,3.996275688760821954e-01
8.352442148774039676e-01,8.500708723454220017e-01,4.135466692942855182e-01
8.431978624745433137e-01,8.545788487810143108e-01,4.287539584291322203e-01
8.509274158728615811e-01,8.579958177102227079e-01,4.451210200397694994e-01
8.583170275060956200e-01,8.601701046441173615e-01,4.624751367674172498e-01
8.652432132093055284e-01,8.609628007650907966e-01,4.805974617723782760e-01
8.715772340929625051e-01,8.602555165909372414e-01,4.992235665913454801e-01
8.771882227455816139e-01,8.579584206671069246e-01,5.180469255828455966e-01
8.819470145163610386e-01,8.540179804381823336e-01,5.367257289576778945e-01
8.857305771957642015e-01,8.484237102338076930e-01,5.548931317764622673e-01
8.884268528057106540e-01,8.412131938242178864e-01,5.721706662888256245e-01
8.899397526865786556e-01,8.324746963555915702e-01,5.881841185879215228e-01
8.901939813695864956e-01,8.223468319668010285e-01,6.025807498871378343e-01
8.891393396950719730e-01,8.110150000395022207e-01,6.150464317868579167e-01
8.867541422790661265e-01,7.987046307036874682e-01,6.253211103418642169e-01
8.830474404592583149e-01,7.856716280449755896e-01,6.332110963616566224e-01
8.780598089721394217e-01,7.721907257835035621e-01,6.385969798894982619e-01
8.718625814598136570e-01,7.585427209068663634e-01,6.414364716583388359e-01
8.645555413479021345e-01,7.450016653118978205e-01,6.417620607532279475e-01
8.562632228133990608e-01,7.318230806751560014e-01,6.396739907261845826e-01
8.471300876801957092e-01,7.192341008096077015e-01,6.353295333737559725e-01
8.373149350626430953e-01,7.074261835839730228e-01,6.289298696135615652e-01
8.269849463390370747e-01,6.965507156760544216e-01,6.207059708209894389e-01
8.163097692029932517e-01,6.867175100253936071e-01,6.109047950144244066e-01
8.054560025902485210e-01,6.779959176226973971e-01,5.997768464284778389e-01
7.945823739439169531e-01,6.704180734196695246e-01,5.875658311235867348e-01
7.838358103508937802e-01,6.639836843534828725e-01,5.745007724801309834e-01
7.733485089231857401e-01,6.586657441392395063e-01,5.607906473053031471e-01
7.632360247685940902e-01,6.544166069735002367e-01,5.466213504638485210e-01
7.535963196688152399e-01,6.511739479896108129e-01,5.321546327855226632e-01
7.445096610002451820e-01,6.488662581744907287e-01,5.175285902792512438e-01
7.360392275550133867e-01,6.474176446919595040e-01,5.028592532320813602e-01
7.282322627653051716e-01,6.467518176638336058e-01,4.882428769408005964e-01
7.211216179386623626e-01,6.467952359383624117e-01,4.737585949885184666e-01
7.147275397158662225e-01,6.474794491240986050e-01,4.594711699991905762e-01
7.090595758432409745e-01,6.487427170436796953e-01,4.454336609885557463e-01
7.041184952507655304e-01,6.505310100031768128e-01,4.316898889826495944e-01
6.998981430856928698e-01,6.527985016664046292e-01,4.182766396543854404e-01
6.963871726821063701e-01,6.555076618349588990e-01,4.052255839517601155e-01
6.935706160426664546e-01,6.586290474799227912e-01,3.925649245367708318e-01
6.914312708476801905e-01,6.621408749527295523e-01,3.803207959231159618e-01
6.899508944353295314e-01,6.660284418043879162e-01,3.685184553230228532e-01
6.891112052934358356e-01,6.702834502812088369e-01,3.571833061656308761e-01
6.888946984904195103e-01,6.749032711666042017e-01,3.463417889515446602e-01
6.892852864787228917e-01,6.798901720280277061e-01,3.360221827091698366e-01
6.902687777278415648e-01,6.852505242775702721e-01,3.262553441589943759e-01
6.918332073505630841e-01,6.909939917618319605e-01,3.170754106494372282e-01
6.939690315538573628e-01,6.971326966841979722e-01,3.085204908427960913e-01
6.966691970917174848e-01,7.036803499322590305e-01,3.006333538373769931e-01
6.999290935980995165e-01,7.106513280129447274e-01,2.934621235023485708e-01
7.037463935496018896e-01,7.180596722445398150e-01,2.870609819348635128e-01
7.081207815643436598e-01,7.259179826678208158e-01,2.814908705714538328e-01
7.130535705626759313e-01,7.342361750987829172e-01,2.768201735761645077e-01
7.185471987033612562e-01,7.430200682417328339e-01,2.731253493620817707e-01
7.246045977096999824e-01,7.522697674448792782e-01,2.704914716720975831e-01
7.312284195312021007e-01,7.619778145757180043e-01,2.690126114109527289e-01
7.384201056982706568e-01,7.721270795980492707e-01,2.687919760856068430e-01
7.461787829310196907e-01,7.826883804745029538e-01,2.699416947803679467e-01
7.544999670559748850e-01,7.936178371624638128e-01,2.725821042743231670e-01
7.633740617496402869e-01,8.048539917073489480e-01,2.768403608929029813e-01
7.727846420692693341e-01,8.163147656678363395e-01,2.828481680207961535e-01
7.827065241644461935e-01,8.278943766272069960e-01,2.907383753207278820e-01
7.931036374661539767e-01,8.394604029642241949e-01,3.006401973622511159e-01
8.039267373220182478e-01,8.508512610844689572e-01,3.126727907637100179e-01
8.151110269901891137e-01,8.618744555268929020e-01,3.269369776895023616e-01
8.265737955032836926e-01,8.723060439188028425e-01,3.435049994588930122e-01
8.382122241019380748e-01,8.818918495799779045e-01,3.624083456170791306e-01
8.499015652734661641e-01,8.903509891390875008e-01,3.836239733170440092e-01
8.614939520423423591e-01,8.973822829744430019e-01,4.070595850227958223e-01
8.728181367968035342e-01,9.026739975667830151e-01,4.325390829239561530e-01
8.836804922971175369e-01,9.059171533974230694e-01,4.597898061019988214e-01
8.938675992347437926e-01,9.068222581219971268e-01,4.884336126018089530e-01
9.031506943995435410e-01,9.051388209010036157e-01,5.179841427515146091e-01
9.112921475411535077e-01,9.006764049847696407e-01,5.478525813077399498e-01
9.180539581078221989e-01,8.933253750713916475e-01,5.773637095182914125e-01
9.232080329585889977e-01,8.830749988401485062e-01,6.057829917399183417e-01
9.265477271388000702e-01,8.700263602988378420e-01,6.323538696124657577e-01
9.278998709961543412e-01,8.543977203333470438e-01,6.563425745450388593e-01
9.271362702856382754e-01,8.365206129438161886e-01,6.770860185764033812e-01
9.241835638086233207e-01,8.168260552673409780e-01,6.940371218782943608e-01
9.190303464530058530e-01,7.958215932491176092e-01,7.068017258794352387e-01
9.117306728359098056e-01,7.740612703333280553e-01,7.151621701561410305e-01
9.024034025926297442e-01,7.521116958015501286e-01,7.190845881610110624e-01
8.912273125120742101e-01,7.305179560314666309e-01,7.187095305747638330e-01
8.784323773895685861e-01,7.097730421055249428e-01,7.143280738277323350e-01
8.642880486511996807e-01,6.902937896400941353e-01,7.063475407047112853e-01
8.490896558743524780e-01,6.724052108091429503e-01,6.952519709546985949e-01
8.331441829482664208e-01,6.563338044861031229e-01,6.815624550666274928e-01
8.167566177182477016e-01,6.422092196413661247e-01,6.658015673313553151e-01
8.002178793356340414e-01,6.300727304194055911e-01,6.484647485074609419e-01
7.837950252934533513e-01,6.198904642739236914e-01,6.299999647291448790e-01
7.677241149905897899e-01,6.115692133111013673e-01,6.107956332733271987e-01
7.522057900624220528e-01,6.049728750962508617e-01,5.911758250289942396e-01
7.374033805537245634e-01,5.999379911106427210e-01,5.714011957503642991e-01
7.234431693058951396e-01,5.962873548045212191e-01,5.516739245917281487e-01
7.104163544121069318e-01,5.938411450197977892e-01,5.321450390273974040e-01
6.983822265283564645e-01,5.924254381343018183e-01,5.129227820558414086e-01
6.873721068097300435e-01,5.918782382053737745e-01,4.940810164141656857e-01
6.773936554609073513e-01,5.920533383273440808e-01,4.756670063933298165e-01
6.684352387044115718e-01,5.928224063689661039e-01,4.577082001135129863e-01
6.604701233397188842e-01,5.940757004435091027e-01,4.402178670852607834e-01
6.534603424394678228e-01,5.957217884118588547e-01,4.231995957478642545e-01
6.473601391808084804e-01,5.976865920708313018e-01,4.066507528937290950e-01
6.421189448421560364e-01,5.999120151464887307e-01,3.905650548445529502e-01
6.376838853624785530e-01,6.023543553909561643e-01,3.749344192715717838e-01
6.340018359451803365e-01,6.049826471862276289e-01,3.597502537809661449e-01
6.310210602247841027e-01,6.077770383199324611e-01,3.450043266994258229e-01
6.286924796441615282e-01,6.107272688999380028e-01,3.306893433408033545e-01
6.269706233543839158e-01,6.138312937480964182e-01,3.167993179339803067e-01
6.258143084088851893e-01,6.170940698410137815e-01,3.033298225304441598e-01
6.251870983456101483e-01,6.205265155756789497e-01,2.902781691889974036e-01
6.250575839562394487e-01,6.241446385608055980e-01,2.776435660968444852e-01
6.253995255194643166e-01,6.279688220588958147e-01,2.654272802065855696e-01
6.261918903146219684e-01,6.320232547503458198e-01,2.536328285431909135e-01
6.274188142548311475e-01,6.363354862241521470e-01,2.422662177286756813e-01
6.290695107621349091e-01,6.409360884452354190e-01,2.313362437137369554e-01
6.311381462529471742e-01,6.458584017427173585e-01,2.208548655300738295e-01
6.336236954588553294e-01,6.511383430330897060e-01,2.108376642707472381e-01
6.365297871912564132e-01,6.568142524660792736e-01,2.013044016335706066e-01
6.398645460389364992e-01,6.629267527733431198e-01,1.922796894955237645e-01
6.436404320178991112e-01,6.695185931538234492e-01,1.837937874595455545e-01
6.478740764954283859e-01,6.766344456244844929e-01,1.758835437512389910e-01
6.525861087286318751e-01,6.843206170296389779e-01,1.685934992738418736e-01
6.578009632906542947e-01,6.926246333486770768e-01,1.619771707202715683e-01
6.635466539934324892e-01,7.015946443462715010e-01,1.560985312474142961e-01
6.698544949955749228e-01,7.112785864423840643e-01,1.510337046114669790e-01
6.767587437544638762e-01,7.217230294478725883e-01,1.468728761526038595e-01
6.842961335420841840e-01,7.329716181785570495e-01,1.437224242778726291e-01
6.925052551668452461e-01,7.450630045421465786e-01,1.417072409053416471e-01
7.014257384425564013e-01,7.580281496455713031e-01,1.409731960400679163e-01
7.110971737638471790e-01,7.718868615554994594e-01,1.416896466582216463e-01
7.215577026856151432e-01,7.866434256144306802e-01,1.440518309112783779e-01
7.328421956249593361e-01,8.022811855613435350e-01,1.482829018703388235e-01
7.449799251910081965e-01,8.187559547800116189e-01,1.546352267976183747e-01
7.579916372488331167e-01,8.359881883929387580e-01,1.633904356247810052e-01
7.718859227621940322e-01,8.538539377463534308e-01,1.748574891173771961e-01
7.866548063436167304e-01,8.721747763250262686e-01,1.893678234829527796e-01
8.022684990382206172e-01,8.907071141133273695e-01,2.072663797940932917e-01
8.186693220533622917e-01,9.091316724249037806e-01,2.288971089664361691e-01
8.357649041059874717e-01,9.270443286630472013e-01,2.545814465962834561e-01
8.534208988571092558e-01,9.439500786608860938e-01,2.845883653392030643e-01
8.714536652023820995e-01,9.592624334091536253e-01,3.190951389961372842e-01
8.896236043214835743e-01,9.723110362658344830e-01,3.581390922356746387e-01
9.076301256269869722e-01,9.823604768355822525e-01,4.015625260785259387e-01
9.251095047045048148e-01,9.886429163718720714e-01,4.489558040722908538e-01
9.416370840747008142e-01,9.904059374990226150e-01,4.996069757435575021e-01
9.567353234089485126e-01,9.869748109735000385e-01,5.524696375472776255e-01
9.698889312613157010e-01,9.778251475702065543e-01,6.061627001186342678e-01
9.805676926417615791e-01,9.626581435007273146e-01,6.590146990345100431e-01
9.882565481826435239e-01,9.414672433414750241e-01,7.091598627128412602e-01
9.924911137777652215e-01,9.145832884965685583e-01,7.546830621112302628e-01
9.928953694139642794e-01,8.826862760688467535e-01,7.937978348995260447e-01
9.892170695968494076e-01,8.467762664604931988e-01,8.250298376420428514e-01
9.813559246515899392e-01,8.081031811580281499e-01,8.473721005305034915e-01
9.693800703179810130e-01,7.680635181499003705e-01,8.603817072572086389e-01
9.535277986676836681e-01,7.280790333870301723e-01,8.641998739071121705e-01
9.341937437578227144e-01,6.894760993311481734e-01,8.594949050751210518e-01
9.119011602206296141e-01,6.533837159488784518e-01,8.473442124564078970e-01
8.872640489967505983e-01,6.206634122514749219e-01,8.290823094650505709e-01
8.609441878693500083e-01,5.918771107079768834e-01,8.061441065818730767e-01
8.336083854873306276e-01,5.672915425022031499e-01,7.799279094963120773e-01
8.058905717180794293e-01,5.469118843697269305e-01,7.516933125267957205e-01
7.783619391259818387e-01,5.305340412261959626e-01,7.224991820598586356e-01
7.515106972701928179e-01,5.178045730156457527e-01,6.931787970687656175e-01
7.257314452254477466e-01,5.082790260137328708e-01,6.643442288443263122e-01
7.013229990334900465e-01,5.014723630624361439e-01,6.364101829525212750e-01
6.784928270718449950e-01,4.968982966277737945e-01,6.096280688175068629e-01
6.573660264495633232e-01,4.940969159972589120e-01,5.841229571537887022e-01
6.379969026046548031e-01,4.926517429170126916e-01,5.599284408407507740e-01
6.203815524125975145e-01,4.921982467523767224e-01,5.370165942726833341e-01
6.044702682020769435e-01,4.924260844278329219e-01,5.153219276506146862e-01
5.901789849966943002e-01,4.930771437871349638e-01,4.947593768751924470e-01
5.773993352357446041e-01,4.939410789074902830e-01,4.752370173808363463e-01
5.660071321241841868e-01,4.948495890454574497e-01,4.566644675683090293e-01
5.558692797352513537e-01,4.956702955360144380e-01,4.389579944073643825e-01
5.468492161337069613e-01,4.963007548991855700e-01,4.220432263990218091e-01
5.388110534847130317e-01,4.966629136730099092e-01,4.058562396466383060e-01
5.316226014622773555e-01,4.966981535241493662e-01,3.903435995577012596e-01
5.251574603838221611e-01,4.963629750909259175e-01,3.754618020398025058e-01
5.192963581148022367e-01,4.956253092474339206e-01,3.611764131405198475e-01
5.139278858137639183e-01,4.944614132589333355e-01,3.474611237198964586e-01
5.089487667080134781e-01,4.928532944413540617e-01,3.342968390481715346e-01
5.042637715955055056e-01,4.907865995388837055e-01,3.216708869929850723e-01
4.997853753064036564e-01,4.882489095597445372e-01,3.095763792000351122e-01
4.954332313699834067e-01,4.852283851741821530e-01,2.980117448149053327e-01
4.911335276560874208e-01,4.817127131201615065e-01,2.869804333577886668e-01
4.868182728481500465e-01,4.776883125233372107e-01,2.764907851872931976e-01
4.824245537073492129e-01,4.731397672196800963e-01,2.665560575640628094e-01
4.778937947542396536e-01,4.680494580018015882e-01,2.571945938036747648e-01
4.731710452537152278e-01,4.623973772833109286e-01,2.484301310880002167e-01
4.682043140945587045e-01,4.561611173385976548e-01,2.402922328606703073e-01
4.629439696850419228e-01,4.493160315569603158e-01,2.328168424183791885e-01
4.573422202226983813e-01,4.418355781820965111e-01,2.260469472725736284e-01
4.513526896679485589e-01,4.336918654340978785e-01,2.200333462018099762e-01
4.449301049787882101e-01,4.248564276164825682e-01,2.148355077874170571e-01
4.380301130647257235e-01,4.153012724039703008e-01,2.105225008847545487e-01
4.306092489328993134e-01,4.050002516933441932e-01,2.071739714877140481e-01
4.226250804241572512e-01,3.939308184767218446e-01,2.048811268910352701e-01
4.140365613361016162e-01,3.820762436425739206e-01,2.037476682466530797e-01
4.048046301338811270e-01,3.694283737691949621e-01,2.038905956689388566e-01
3.948930981900256043e-01,3.559910151048759630e-01,2.054407691238173128e-01
3.842698780360388477e-01,3.417840242384045935e-01,2.085430814912074271e-01
3.729086073700452753e-01,3.268481708368280447e-01,2.133560517119041378e-01
3.607907265272106145e-01,3.112508013797175566e-01,2.200505865049615095e-01
3.479080662664311152e-01,2.950922758584206829e-01,2.288076156153903140e-01
3.342659924311522923e-01,2.785130518932488752e-01,2.398142427386615316e-01
3.198871335362440949e-01,2.617011540426767424e-01,2.532580050082572365e-01
3.048156826633189875e-01,2.448995791495261476e-01,2.693188253315228486e-01
2.891222071979528963e-01,2.284129422105021234e-01,2.881582468111573148e-01
2.729088197956264783e-01,2.126123849204524241e-01,3.099056403984375985e-01
2.563144550627397544e-01,1.979374613469533362e-01,3.346412624972511241e-01
2.395198554003000191e-01,1.848934324069663182e-01,3.623763520014585682e-01
2.227517189198452985e-01,1.740422360844894323e-01,3.930309470260856530e-01
2.062852847842100990e-01,1.659854422968443100e-01,4.264107200825624222e-01
1.904445015780490413e-01,1.613378824021536873e-01,4.621849230429281308e-01
1.755988373689983395e-01,1.606914892233902159e-01,4.998683417314385702e-01
1.621558256146829469e-01,1.645702311763384551e-01,5.388109043590117997e-01
1.505486464145553427e-01,1.733788341299377644e-01,5.781989870499878448e-01
1.412184501646090995e-01,1.873500224667062897e-01,6.170722921215882062e-01
1.345917643377484985e-01,2.064968688804409425e-01,6.543591340560978020e-01
1.310541196064393676e-01,2.305779805412054850e-01,6.889309132499321642e-01
1.309219043775367575e-01,2.590831060702328270e-01,7.196735376320330113e-01
1.344152056598420519e-01,2.912449583739534775e-01,7.455699252305842961e-01
1.416348688646774656e-01,3.260796096448745907e-01,7.657842467470394876e-01
1.525469664783167256e-01,3.624532008144015216e-01,7.797362136515191278e-01
1.669772762482774064e-01,3.991678602214002725e-01,7.871534621507723095e-01
1.846171986108769980e-01,4.350558032626697380e-01,7.880925354453465204e-01
2.050410072752465451e-01,4.690686695817046781e-01,7.829239539664059055e-01
2.277326955051384716e-01,5.003498770219905190e-01,7.722833726719059433e-01
2.521193075099885661e-01,5.282810552976325846e-01,7.569971641969112097e-01
2.776068204218817281e-01,5.524986581894696380e-01,7.379951513357552173e-01
3.036145436164771061e-01,5.728823217209935148e-01,7.162244615630651845e-01
3.296046022687869614e-01,5.895210458773750828e-01,6.925764386468273859e-01
3.551041875747471543e-01,6.026658404195126550e-01,6.678341937820065910e-01
3.797195807075449681e-01,6.126778012206444135e-01,6.426432204220811073e-01
4.031421943615547954e-01,6.199790743041936336e-01,6.175030385428977864e-01
4.251477962001795063e-01,6.250116466664183967e-01,5.927750106012331655e-01
4.455905876172056579e-01,6.282062426509047448e-01,5.687004356821570017e-01
4.643939332045817214e-01,6.299614343907427028e-01,5.454234615066739789e-01
4.815393698545559209e-01,6.306316713658108863e-01,5.230145841740103663e-01
4.970551982346564368e-01,6.305222805148428256e-01,5.014920057349196991e-01
5.110055813082284848e-01,6.298894009931502724e-01,4.808394434636731329e-01
5.234807247777897299e-01,6.289430642723635723e-01,4.610199923159744584e-01
5.345884299187988464e-01,6.278520198020896004e-01,4.419862652412112070e-01
5.444471025909249917e-01,6.267493067720912858e-01,4.236873735413358988e-01
5.531801673326216529e-01,6.257379166121778136e-01,4.060734090317100753e-01
5.609117577756551620e-01,6.248961544395009726e-01,3.890980709934297455e-01
5.677635173591434326e-01,6.242824941880857903e-01,3.727199995881573802e-01
5.738523352494184770e-01,6.239398433260630039e-01,3.569032507372901231e-01
5.792888491193667333e-01,6.238992083628820406e-01,3.416172518138056446e-01
5.841765621630624628e-01,6.241827934422187196e-01,3.268364732406403572e-01
5.886114410539771136e-01,6.248065854353036519e-01,3.125399799357796438e-01
5.926818817333394662e-01,6.257824870962706010e-01,2.987109660766281705e-01
5.964689489086738572e-01,6.271200599533379716e-01,2.853363349544453254e-01
6.000468124946561899e-01,6.288279355349200017e-01,2.724063617110938917e-01
6.034833192424174930e-01,6.309149480760829487e-01,2.599144558994566090e-01
6.068406507753496548e-01,6.333910354095649842e-01,2.478570296015144003e-01
6.101760298636340618e-01,6.362679483941703351e-01,2.362334703221822818e-01
6.135424461239509242e-01,6.395598026574979000e-01,2.250462251748029385e-01
6.169893790741787232e-01,6.432835000336621922e-01,2.143009864541264853e-01
6.205635021042051891e-01,6.474590408150260323e-01,2.040069895434939995e-01
6.243093557589339815e-01,6.521097412488958689e-01,1.941774189860477895e-01
6.282699813177033965e-01,6.572623653237777974e-01,1.848299365336851796e-01
6.324875075883129583e-01,6.629471715858160641e-01,1.759873382109355955e-01
6.370036849714990623e-01,6.691978703845667953e-01,1.676783536862055946e-01
6.418603607379308462e-01,6.760514774986865483e-01,1.599386069768362617e-01
6.470998882652818640e-01,6.835480424389966947e-01,1.528117556899614704e-01
6.527654608214171761e-01,6.917302184823594935e-01,1.463508301713374316e-01
6.589013575787554533e-01,7.006426307395274833e-01,1.406197936736743315e-01
6.655530848521108434e-01,7.103309839496266820e-01,1.356953428315511578e-01
6.727673902622942625e-01,7.208408366345741003e-01,1.316689596502693682e-01
6.805921200477828004e-01,7.322159500004347121e-01,1.286492225670958223e-01
6.890758813851207698e-01,7.444961005818339084e-01,1.267643546914540842e-01
6.982674614537315305e-01,7.577142259428835125e-01,1.261649696073597338e-01
7.082149426943215031e-01,7.718927532225303700e-01,1.270269183027039617e-01
7.189644413382383359e-01,7.870389468238926378e-01,1.295540868382941135e-01
7.305583826050378038e-01,8.031391086968692195e-01,1.339808859448985423e-01
7.430332132808459278e-01,8.201514792064765746e-01,1.405740535832503690e-01
7.555715441703796387e-01,8.360328674316406250e-01,1.537299454212188721e-01
7.692378759384155273e-01,8.528122305870056152e-01,1.674793213605880737e-01
7.832152247428894043e-01,8.695208430290222168e-01,1.845879852771759033e-01
7.979409098625183105e-01,8.862476944923400879e-01,2.041454315185546875e-01
8.130486607551574707e-01,9.026315808296203613e-01,2.267346382141113281e-01
8.286120295524597168e-01,9.184005260467529297e-01,2.522960007190704346e-01
8.444150686264038086e-01,9.331766963005065918e-01,2.809578776359558105e-01
8.603586554527282715e-01,9.465407133102416992e-01,3.126905262470245361e-01
8.762284517288208008e-01,9.580152630805969238e-01,3.474003374576568604e-01
8.918173909187316895e-01,9.670809507369995117e-01,3.848673403263092041e-01
9.068548679351806641e-01,9.731956124305725098e-01,4.247292876243591309e-01
9.210458993911743164e-01,9.758221507072448730e-01,4.664606153964996338e-01
9.340556859970092773e-01,9.744710326194763184e-01,5.093580484390258789e-01
9.455310702323913574e-01,9.687485694885253906e-01,5.525450110435485840e-01
9.551110863685607910e-01,9.584110379219055176e-01,5.949927568435668945e-01
9.624515771865844727e-01,9.434141516685485840e-01,6.355688571929931641e-01
9.672489166259765625e-01,9.239471554756164551e-01,6.731098890304565430e-01
9.692661166191101074e-01,9.004421830177307129e-01,7.065128684043884277e-01
9.683524370193481445e-01,8.735535144805908203e-01,7.348327636718750000e-01
9.644566774368286133e-01,8.441063761711120605e-01,7.573683261871337891e-01
9.576274156570434570e-01,8.130244612693786621e-01,7.737174034118652344e-01
9.480047821998596191e-01,7.812514305114746094e-01,7.837949395179748535e-01
9.358040690422058105e-01,7.496774196624755859e-01,7.878085374832153320e-01
9.212954044342041016e-01,7.190853953361511230e-01,7.862050533294677734e-01
9.047845602035522461e-01,6.901175379753112793e-01,7.795980572700500488e-01
8.865970373153686523e-01,6.632626056671142578e-01,7.686959505081176758e-01
8.670650124549865723e-01,6.388603448867797852e-01,7.542355060577392578e-01
8.465198278427124023e-01,6.171134114265441895e-01,7.369324564933776855e-01
8.252853155136108398e-01,5.981066823005676270e-01,7.174460887908935547e-01
8.036736845970153809e-01,5.818262696266174316e-01,6.963592171669006348e-01
7.819816470146179199e-01,5.681783556938171387e-01,6.741690039634704590e-01
7.604861855506896973e-01,5.570072531700134277e-01,6.512869000434875488e-01
7.394406795501708984e-01,5.481107831001281738e-01,6.280422210693359375e-01
7.190702557563781738e-01,5.412549376487731934e-01,6.046918630599975586e-01
6.995683312416076660e-01,5.361862778663635254e-01,5.814291834831237793e-01
6.810939311981201172e-01,5.326439738273620605e-01,5.583949089050292969e-01
6.637694239616394043e-01,5.303687453269958496e-01,5.356873273849487305e-01
6.476803421974182129e-01,5.291118621826171875e-01,5.133717060089111328e-01
6.328761577606201172e-01,5.286410450935363770e-01,4.914886355400085449e-01
6.193726658821105957e-01,5.287455916404724121e-01,4.700610935688018799e-01
6.071550250053405762e-01,5.292393565177917480e-01,4.491005241870880127e-01
5.961819887161254883e-01,5.299620032310485840e-01,4.286113083362579346e-01
5.863912701606750488e-01,5.307791829109191895e-01,4.085939526557922363e-01
5.777028799057006836e-01,5.315811634063720703e-01,3.890478909015655518e-01
5.700253844261169434e-01,5.322809815406799316e-01,3.699730634689331055e-01
5.632591247558593750e-01,5.328120589256286621e-01,3.513705432415008545e-01
5.573011040687561035e-01,5.331243276596069336e-01,3.332435190677642822e-01
5.520470738410949707e-01,5.331824421882629395e-01,3.155973851680755615e-01
5.473954677581787109e-01,5.329612493515014648e-01,2.984393239021301270e-01
5.432479977607727051e-01,5.324446558952331543e-01,2.817786335945129395e-01
5.395120978355407715e-01,5.316213965415954590e-01,2.656260430812835693e-01
5.361011624336242676e-01,5.304843783378601074e-01,2.499935626983642578e-01
5.329353213310241699e-01,5.290274024009704590e-01,2.348942458629608154e-01
5.299408435821533203e-01,5.272446870803833008e-01,2.203416228294372559e-01
5.270506143569946289e-01,5.251290202140808105e-01,2.063499093055725098e-01
5.242028832435607910e-01,5.226711630821228027e-01,1.929331421852111816e-01
5.213413238525390625e-01,5.198587179183959961e-01,1.801060736179351807e-01
5.184134840965270996e-01,5.166759490966796875e-01,1.678827702999114990e-01
5.153708457946777344e-01,5.131030678749084473e-01,1.562781929969787598e-01
5.121673345565795898e-01,5.091158747673034668e-01,1.453072130680084229e-01
5.087586045265197754e-01,5.046858787536621094e-01,1.349856555461883545e-01
5.051016211509704590e-01,4.997797906398773193e-01,1.253303289413452148e-01
5.011534690856933594e-01,4.943590462207794189e-01,1.163600236177444458e-01
4.968706667423248291e-01,4.883804619312286377e-01,1.080959886312484741e-01
4.922086000442504883e-01,4.817954003810882568e-01,1.005633771419525146e-01
4.871209561824798584e-01,4.745496213436126709e-01,9.379187226295471191e-02
4.815586507320404053e-01,4.665837287902832031e-01,8.781805634498596191e-02
4.754700958728790283e-01,4.578326642513275146e-01,8.268608897924423218e-02
4.687999188899993896e-01,4.482260644435882568e-01,7.845067232847213745e-02
4.614889919757843018e-01,4.376882910728454590e-01,7.517887651920318604e-02
4.534741938114166260e-01,4.261392951011657715e-01,7.295339554548263550e-02
4.446880817413330078e-01,4.134954512119293213e-01,7.187513262033462524e-02
4.350594878196716309e-01,3.996714055538177490e-01,7.206697762012481689e-02
4.245135486125946045e-01,3.845824301242828369e-01,7.367794215679168701e-02
4.129734933376312256e-01,3.681487143039703369e-01,7.688630372285842896e-02
4.003618657588958740e-01,3.503006994724273682e-01,8.190493285655975342e-02
3.866035640239715576e-01,3.309872746467590332e-01,8.898397535085678101e-02
3.716298639774322510e-01,3.101868927478790283e-01,9.841448813676834106e-02
3.553844392299652100e-01,2.879226207733154297e-01,1.105286404490470886e-01
3.378310501575469971e-01,2.642814815044403076e-01,1.256985068321228027e-01
3.189637064933776855e-01,2.394387423992156982e-01,1.443285346031188965e-01
2.988187372684478760e-01,2.136868536472320557e-01,1.668425798416137695e-01
2.774894237518310547e-01,1.874663680791854858e-01,1.936607360839843750e-01
2.551397681236267090e-01,1.613960415124893188e-01,2.251667380332946777e-01
2.320174276828765869e-01,1.362945586442947388e-01,2.616618871688842773e-01
2.084612250328063965e-01,1.131859868764877319e-01,3.033105134963989258e-01
1.848998665809631348e-01,9.327839314937591553e-02,3.500777482986450195e-01
1.618412137031555176e-01,7.790908217430114746e-02,4.016698300838470459e-01
1.398503482341766357e-01,6.845584511756896973e-02,4.574852585792541504e-01
1.195230036973953247e-01,6.622089445590972900e-02,5.165873765945434570e-01
1.014596447348594666e-01,7.230579853057861328e-02,5.777044892311096191e-01
8.624951541423797607e-02,8.749498426914215088e-02,6.392577290534973145e-01
7.446811348199844360e-02,1.121628135442733765e-01,6.994104385375976562e-01
6.668455153703689575e-02,1.462115645408630371e-01,7.561356425285339355e-01
6.346913427114486694e-02,1.890347152948379517e-01,8.073012828826904297e-01
6.538169085979461670e-02,2.395032644271850586e-01,8.507887125015258789e-01
7.292803376913070679e-02,2.959706187248229980e-01,8.846595883369445801e-01
8.647797256708145142e-02,3.563123941421508789e-01,9.073755145072937012e-01
1.061587557196617126e-01,4.180250465869903564e-01,9.180461168289184570e-01
1.317576169967651367e-01,4.784149229526519775e-01,9.166355729103088379e-01
1.626746654510498047e-01,5.348809957504272461e-01,9.040450453758239746e-01
1.979535222053527832e-01,5.852486491203308105e-01,8.820129632949829102e-01
2.363886535167694092e-01,6.280561089515686035e-01,8.528360128402709961e-01
2.766749560832977295e-01,6.626934409141540527e-01,8.189972639083862305e-01
3.175545930862426758e-01,6.893541216850280762e-01,7.828127145767211914e-01
3.579265177249908447e-01,7.088339924812316895e-01,7.461885809898376465e-01
3.969070613384246826e-01,7.222731709480285645e-01,7.105193734169006348e-01
4.338454604148864746e-01,7.309187650680541992e-01,6.767053604125976562e-01
4.683105051517486572e-01,7.359579205513000488e-01,6.452371478080749512e-01
5.000592470169067383e-01,7.384262681007385254e-01,6.163057088851928711e-01
5.290012359619140625e-01,7.391726970672607422e-01,5.899034738540649414e-01
5.551622509956359863e-01,7.388644814491271973e-01,5.659060478210449219e-01
5.786524415016174316e-01,7.380082607269287109e-01,5.441311597824096680e-01
5.996397137641906738e-01,7.369786500930786133e-01,5.243769884109497070e-01
6.183280348777770996e-01,7.360457181930541992e-01,5.064455270767211914e-01
6.349415183067321777e-01,7.353990674018859863e-01,4.901567399501800537e-01
6.497113108634948730e-01,7.351675629615783691e-01,4.753536581993103027e-01
6.628668308258056641e-01,7.354344129562377930e-01,4.619055986404418945e-01
6.746294498443603516e-01,7.362489700317382812e-01,4.497071802616119385e-01
6.852078437805175781e-01,7.376355528831481934e-01,4.386762380599975586e-01
6.947955489158630371e-01,7.395992875099182129e-01,4.287521541118621826e-01
7.035691142082214355e-01,7.421314120292663574e-01,4.198926389217376709e-01
7.116873860359191895e-01,7.452124953269958496e-01,4.120711982250213623e-01
7.192911505699157715e-01,7.488141655921936035e-01,4.052752256393432617e-01
7.265040278434753418e-01,7.529016733169555664e-01,3.995027244091033936e-01
7.334322333335876465e-01,7.574341893196105957e-01,3.947604894638061523e-01
7.401662468910217285e-01,7.623654007911682129e-01,3.910624086856842041e-01
7.467804551124572754e-01,7.676442861557006836e-01,3.884269893169403076e-01
7.533353567123413086e-01,7.732147574424743652e-01,3.868754506111145020e-01
7.598770260810852051e-01,7.790155410766601562e-01,3.864304721355438232e-01
7.664391398429870605e-01,7.849799990653991699e-01,3.871130645275115967e-01
7.730425596237182617e-01,7.910361886024475098e-01,3.889418542385101318e-01
7.796970009803771973e-01,7.971058487892150879e-01,3.919304609298706055e-01
7.864009141921997070e-01,8.031052350997924805e-01,3.960849344730377197e-01
7.931421399116516113e-01,8.089452385902404785e-01,4.014023244380950928e-01
7.998986840248107910e-01,8.145304918289184570e-01,4.078676402568817139e-01
8.066388964653015137e-01,8.197616934776306152e-01,4.154521524906158447e-01
8.133223652839660645e-01,8.245358467102050781e-01,4.241108000278472900e-01
8.198999762535095215e-01,8.287478089332580566e-01,4.337800443172454834e-01
8.263152837753295898e-01,8.322929739952087402e-01,4.443761706352233887e-01
8.325048089027404785e-01,8.350692391395568848e-01,4.557942450046539307e-01
8.383998274803161621e-01,8.369802832603454590e-01,4.679065644741058350e-01
8.439267873764038086e-01,8.379395604133605957e-01,4.805637896060943604e-01
8.490100502967834473e-01,8.378733992576599121e-01,4.935955703258514404e-01
8.535728454589843750e-01,8.367252349853515625e-01,5.068126320838928223e-01
8.575398325920104980e-01,8.344595432281494141e-01,5.200105905532836914e-01
8.608394861221313477e-01,8.310644030570983887e-01,5.329744815826416016e-01
8.634061217308044434e-01,8.265544176101684570e-01,5.454846620559692383e-01
8.651829361915588379e-01,8.209723234176635742e-01,5.573233366012573242e-01
8.661233782768249512e-01,8.143882155418395996e-01,5.682815909385681152e-01
8.661942481994628906e-01,8.068990111351013184e-01,5.781668424606323242e-01
8.653761744499206543e-01,7.986257672309875488e-01,5.868086814880371094e-01
8.636653423309326172e-01,7.897085547447204590e-01,5.940658450126647949e-01
8.610739111900329590e-01,7.803028821945190430e-01,5.998289585113525391e-01
8.576295971870422363e-01,7.705731987953186035e-01,6.040239334106445312e-01
8.533754944801330566e-01,7.606868147850036621e-01,6.066126823425292969e-01
8.483683466911315918e-01,7.508087158203125000e-01,6.075915694236755371e-01
8.426771759986877441e-01,7.410962581634521484e-01,6.069887280464172363e-01
8.363817930221557617e-01,7.316945195198059082e-01,6.048609614372253418e-01
8.295703530311584473e-01,7.227330803871154785e-01,6.012882590293884277e-01
